{
    "mercury": {
        "n1": 48.3313,
        "n2": 3.24587E-5,
        "i1": 7.0047,
        "i2": 5.00E-8,
        "w1": 29.1241,
        "w2": 1.01444E-5,
        "a1": 0.387098,
        "a2": 0,
        "e1": 0.205635,
        "e2": 5.59E-10,
        "m1": 168.6562,
        "m2": 4.0923344368
    },
    "venus": {
        "n1": 76.6799,
        "n2": 2.46590E-5,
        "i1": 3.3946,
        "i2": 2.75E-8,
        "w1": 54.8910,
        "w2": 1.38374E-5,
        "a1": 0.723330,
        "a2": 0,
        "e1": 0.006773,
        "e2": -1.302E-9,
        "m1": 48.0052,
        "m2": 1.6021302244
    },
    "earth": {
        "special": "earth",
        "n1": -10.84744622683,
        "n2": 0.0156144758563192,
        "i1": 0,
        "i2": 0,
        "w1": 101.28007684,
        "w2": 0.0660328492808,
        "a1": 1,
        "a2": 0,
        "e1": 0.016746997,
        "e2": -0.00000245743798,
        "m1": 8.47065679,
        "m2": 0.9040266209071
    },
    "mars": {
        "n1": 49.5574,
        "n2": 2.11081E-5,
        "i1": 1.8497,
        "i2": -1.78E-8,
        "w1": 286.5016,
        "w2": 2.92961E-5,
        "a1": 1.523688,
        "a2": 0,
        "e1": 0.093405,
        "e2": 2.516E-9,
        "m1": 18.6021,
        "m2": 0.5240207766
    },
    "jupiter": {
        "n1": 100.4542,
        "n2": 2.76854E-5,
        "i1": 1.3030,
        "i2": -1.557E-7,
        "w1": 273.8777,
        "w2": 1.64505E-5,
        "a1": 5.20256,
        "a2": 0,
        "e1": 0.048498,
        "e2": 4.469E-9,
        "m1": 19.8950,
        "m2": 0.0830853001
    },
    "saturn": {
        "n1": 113.6634,
        "n2": 2.38980E-5,
        "i1": 2.4886,
        "i2": -1.081E-7,
        "w1": 339.3939,
        "w2": 2.97661E-5,
        "a1": 9.55475,
        "a2": 0,
        "e1": 0.055546,
        "e2": -9.499E-9,
        "m1": 316.9670,
        "m2": 0.0334442282
    },
    "uranus": {
        "n1": 74.0005,
        "n2": 1.3978E-5,
        "i1": 0.7733,
        "i2": 1.9E-8,
        "w1": 96.6612,
        "w2": 3.0565E-5,
        "a1": 19.18171,
        "a2": 1.55E-8,
        "e1": 0.047318,
        "e2": 7.45E-9,
        "m1": 142.5905,
        "m2": 0.011725806
    },
    "neptune": {
        "n1": 131.7806,
        "n2": 3.0173E-5,
        "i1": 1.7700,
        "i2": -2.55E-7,
        "w1": 272.8461,
        "w2": -6.027E-6,
        "a1": 30.05826,
        "a2": 3.313E-8,
        "e1": 0.008606,
        "e2": 2.15E-9,
        "m1": 260.2471,
        "m2": 0.005995147
    }
}